Classification,Year,Period,Period Desc.,Aggregate Level,Is Leaf Code,Trade Flow Code,Trade Flow,Reporter Code,Reporter,Reporter ISO,Partner Code,Partner,Partner ISO,2nd Partner Code,2nd Partner,2nd Partner ISO,Customs Proc. Code,Customs,Mode of Transport Code,Mode of Transport,Commodity Code,Commodity,Qty Unit Code,Qty Unit,Qty,Alt Qty Unit Code,Alt Qty Unit,Alt Qty,Netweight (kg),Gross weight (kg),Trade Value (US$),CIF Trade Value (US$),FOB Trade Value (US$),Flag
H2,2003,2003,2003,0,0,1,Import,643,Russian Federation,RUS,0,World,WLD,,,,,,,,TOTAL,ALL COMMODITIES,1,No Quantity,,,,,,,57345988014,,,0
H2,2003,2003,2003,0,0,2,Export,643,Russian Federation,RUS,0,World,WLD,,,,,,,,TOTAL,ALL COMMODITIES,1,No Quantity,,,,,,,133655685163,,,0
H2,2003,2003,2003,0,0,1,Import,643,Russian Federation,RUS,4,Afghanistan,AFG,,,,,,,,TOTAL,ALL COMMODITIES,1,No Quantity,,,,,,,6625254,,,0
H2,2003,2003,2003,0,0,2,Export,643,Russian Federation,RUS,4,Afghanistan,AFG,,,,,,,,TOTAL,ALL COMMODITIES,1,No Quantity,,,,,,,54503833,,,0
H2,2003,2003,2003,0,0,1,Import,643,Russian Federation,RUS,8,Albania,ALB,,,,,,,,TOTAL,ALL COMMODITIES,1,No Quantity,,,,,,,6638207,,,0
H2,2003,2003,2003,0,0,2,Export,643,Russian Federation,RUS,8,Albania,ALB,,,,,,,,TOTAL,ALL COMMODITIES,1,No Quantity,,,,,,,36300134,,,0
H2,2003,2003,2003,0,0,1,Import,643,Russian Federation,RUS,10,Antarctica,ATA,,,,,,,,TOTAL,ALL COMMODITIES,1,No Quantity,,,,,,,1931,,,0
H2,2003,2003,2003,0,0,2,Export,643,Russian Federation,RUS,10,Antarctica,ATA,,,,,,,,TOTAL,ALL COMMODITIES,1,No Quantity,,,,,,,36432,,,0
H2,2003,2003,2003,0,0,1,Import,643,Russian Federation,RUS,12,Algeria,DZA,,,,,,,,TOTAL,ALL COMMODITIES,1,No Quantity,,,,,,,1241459,,,0
H2,2003,2003,2003,0,0,2,Export,643,Russian Federation,RUS,12,Algeria,DZA,,,,,,,,TOTAL,ALL COMMODITIES,1,No Quantity,,,,,,,291428263,,,0
H2,2003,2003,2003,0,0,1,Import,643,Russian Federation,RUS,16,American Samoa,ASM,,,,,,,,TOTAL,ALL COMMODITIES,1,No Quantity,,,,,,,7644,,,0
H2,2003,2003,2003,0,0,1,Import,643,Russian Federation,RUS,20,Andorra,AND,,,,,,,,TOTAL,ALL COMMODITIES,1,No Quantity,,,,,,,205072,,,0
H2,2003,2003,2003,0,0,2,Export,643,Russian Federation,RUS,20,Andorra,AND,,,,,,,,TOTAL,ALL COMMODITIES,1,No Quantity,,,,,,,144367,,,0
H2,2003,2003,2003,0,0,1,Import,643,Russian Federation,RUS,24,Angola,AGO,,,,,,,,TOTAL,ALL COMMODITIES,1,No Quantity,,,,,,,6776,,,0
H2,2003,2003,2003,0,0,2,Export,643,Russian Federation,RUS,24,Angola,AGO,,,,,,,,TOTAL,ALL COMMODITIES,1,No Quantity,,,,,,,24064739,,,0
H2,2003,2003,2003,0,0,2,Export,643,Russian Federation,RUS,28,Antigua and Barbuda,ATG,,,,,,,,TOTAL,ALL COMMODITIES,1,No Quantity,,,,,,,3450,,,0
H2,2003,2003,2003,0,0,1,Import,643,Russian Federation,RUS,31,Azerbaijan,AZE,,,,,,,,TOTAL,ALL COMMODITIES,1,No Quantity,,,,,,,93146970,,,0
H2,2003,2003,2003,0,0,2,Export,643,Russian Federation,RUS,31,Azerbaijan,AZE,,,,,,,,TOTAL,ALL COMMODITIES,1,No Quantity,,,,,,,409558809,,,0
H2,2003,2003,2003,0,0,1,Import,643,Russian Federation,RUS,32,Argentina,ARG,,,,,,,,TOTAL,ALL COMMODITIES,1,No Quantity,,,,,,,229360773,,,0
H2,2003,2003,2003,0,0,2,Export,643,Russian Federation,RUS,32,Argentina,ARG,,,,,,,,TOTAL,ALL COMMODITIES,1,No Quantity,,,,,,,7457484,,,0
H2,2003,2003,2003,0,0,1,Import,643,Russian Federation,RUS,36,Australia,AUS,,,,,,,,TOTAL,ALL COMMODITIES,1,No Quantity,,,,,,,92077052,,,0
H2,2003,2003,2003,0,0,2,Export,643,Russian Federation,RUS,36,Australia,AUS,,,,,,,,TOTAL,ALL COMMODITIES,1,No Quantity,,,,,,,18648952,,,0
H2,2003,2003,2003,0,0,1,Import,643,Russian Federation,RUS,40,Austria,AUT,,,,,,,,TOTAL,ALL COMMODITIES,1,No Quantity,,,,,,,790403304,,,0
H2,2003,2003,2003,0,0,2,Export,643,Russian Federation,RUS,40,Austria,AUT,,,,,,,,TOTAL,ALL COMMODITIES,1,No Quantity,,,,,,,1030360106,,,0
H2,2003,2003,2003,0,0,1,Import,643,Russian Federation,RUS,44,Bahamas,BHS,,,,,,,,TOTAL,ALL COMMODITIES,1,No Quantity,,,,,,,371284,,,0
H2,2003,2003,2003,0,0,2,Export,643,Russian Federation,RUS,44,Bahamas,BHS,,,,,,,,TOTAL,ALL COMMODITIES,1,No Quantity,,,,,,,764255,,,0
H2,2003,2003,2003,0,0,1,Import,643,Russian Federation,RUS,48,Bahrain,BHR,,,,,,,,TOTAL,ALL COMMODITIES,1,No Quantity,,,,,,,442677,,,0
H2,2003,2003,2003,0,0,2,Export,643,Russian Federation,RUS,48,Bahrain,BHR,,,,,,,,TOTAL,ALL COMMODITIES,1,No Quantity,,,,,,,1248220,,,0
H2,2003,2003,2003,0,0,1,Import,643,Russian Federation,RUS,50,Bangladesh,BGD,,,,,,,,TOTAL,ALL COMMODITIES,1,No Quantity,,,,,,,4770275,,,0
H2,2003,2003,2003,0,0,2,Export,643,Russian Federation,RUS,50,Bangladesh,BGD,,,,,,,,TOTAL,ALL COMMODITIES,1,No Quantity,,,,,,,32915688,,,0
H2,2003,2003,2003,0,0,1,Import,643,Russian Federation,RUS,51,Armenia,ARM,,,,,,,,TOTAL,ALL COMMODITIES,1,No Quantity,,,,,,,78840004,,,0
H2,2003,2003,2003,0,0,2,Export,643,Russian Federation,RUS,51,Armenia,ARM,,,,,,,,TOTAL,ALL COMMODITIES,1,No Quantity,,,,,,,126312089,,,0
H2,2003,2003,2003,0,0,1,Import,643,Russian Federation,RUS,52,Barbados,BRB,,,,,,,,TOTAL,ALL COMMODITIES,1,No Quantity,,,,,,,9884,,,0
H2,2003,2003,2003,0,0,2,Export,643,Russian Federation,RUS,52,Barbados,BRB,,,,,,,,TOTAL,ALL COMMODITIES,1,No Quantity,,,,,,,1038061,,,0
H2,2003,2003,2003,0,0,1,Import,643,Russian Federation,RUS,56,Belgium,BEL,,,,,,,,TOTAL,ALL COMMODITIES,1,No Quantity,,,,,,,891347874,,,0
H2,2003,2003,2003,0,0,2,Export,643,Russian Federation,RUS,56,Belgium,BEL,,,,,,,,TOTAL,ALL COMMODITIES,1,No Quantity,,,,,,,1127870997,,,0
H2,2003,2003,2003,0,0,1,Import,643,Russian Federation,RUS,60,Bermuda,BMU,,,,,,,,TOTAL,ALL COMMODITIES,1,No Quantity,,,,,,,81488,,,0
H2,2003,2003,2003,0,0,2,Export,643,Russian Federation,RUS,60,Bermuda,BMU,,,,,,,,TOTAL,ALL COMMODITIES,1,No Quantity,,,,,,,620190,,,0
H2,2003,2003,2003,0,0,1,Import,643,Russian Federation,RUS,64,Bhutan,BTN,,,,,,,,TOTAL,ALL COMMODITIES,1,No Quantity,,,,,,,5,,,0
H2,2003,2003,2003,0,0,1,Import,643,Russian Federation,RUS,68,Bolivia (Plurinational State of),BOL,,,,,,,,TOTAL,ALL COMMODITIES,1,No Quantity,,,,,,,2263990,,,0
H2,2003,2003,2003,0,0,2,Export,643,Russian Federation,RUS,68,Bolivia (Plurinational State of),BOL,,,,,,,,TOTAL,ALL COMMODITIES,1,No Quantity,,,,,,,70540,,,0
H2,2003,2003,2003,0,0,1,Import,643,Russian Federation,RUS,70,Bosnia Herzegovina,BIH,,,,,,,,TOTAL,ALL COMMODITIES,1,No Quantity,,,,,,,2130820,,,0
H2,2003,2003,2003,0,0,2,Export,643,Russian Federation,RUS,70,Bosnia Herzegovina,BIH,,,,,,,,TOTAL,ALL COMMODITIES,1,No Quantity,,,,,,,52898019,,,0
H2,2003,2003,2003,0,0,1,Import,643,Russian Federation,RUS,72,Botswana,BWA,,,,,,,,TOTAL,ALL COMMODITIES,1,No Quantity,,,,,,,76950,,,0
H2,2003,2003,2003,0,0,2,Export,643,Russian Federation,RUS,72,Botswana,BWA,,,,,,,,TOTAL,ALL COMMODITIES,1,No Quantity,,,,,,,61,,,0
H2,2003,2003,2003,0,0,1,Import,643,Russian Federation,RUS,76,Brazil,BRA,,,,,,,,TOTAL,ALL COMMODITIES,1,No Quantity,,,,,,,1478927684,,,0
H2,2003,2003,2003,0,0,2,Export,643,Russian Federation,RUS,76,Brazil,BRA,,,,,,,,TOTAL,ALL COMMODITIES,1,No Quantity,,,,,,,256847655,,,0
H2,2003,2003,2003,0,0,1,Import,643,Russian Federation,RUS,84,Belize,BLZ,,,,,,,,TOTAL,ALL COMMODITIES,1,No Quantity,,,,,,,136958,,,0
H2,2003,2003,2003,0,0,2,Export,643,Russian Federation,RUS,84,Belize,BLZ,,,,,,,,TOTAL,ALL COMMODITIES,1,No Quantity,,,,,,,1604216,,,0
H2,2003,2003,2003,0,0,1,Import,643,Russian Federation,RUS,86,Br. Indian Ocean Terr.,IOT,,,,,,,,TOTAL,ALL COMMODITIES,1,No Quantity,,,,,,,12426,,,0
H2,2003,2003,2003,0,0,1,Import,643,Russian Federation,RUS,90,Solomon Isds,SLB,,,,,,,,TOTAL,ALL COMMODITIES,1,No Quantity,,,,,,,97,,,0
H2,2003,2003,2003,0,0,1,Import,643,Russian Federation,RUS,92,Br. Virgin Isds,VGB,,,,,,,,TOTAL,ALL COMMODITIES,1,No Quantity,,,,,,,1089272,,,0
H2,2003,2003,2003,0,0,2,Export,643,Russian Federation,RUS,92,Br. Virgin Isds,VGB,,,,,,,,TOTAL,ALL COMMODITIES,1,No Quantity,,,,,,,2512335032,,,0
H2,2003,2003,2003,0,0,1,Import,643,Russian Federation,RUS,100,Bulgaria,BGR,,,,,,,,TOTAL,ALL COMMODITIES,1,No Quantity,,,,,,,162330889,,,0
H2,2003,2003,2003,0,0,2,Export,643,Russian Federation,RUS,100,Bulgaria,BGR,,,,,,,,TOTAL,ALL COMMODITIES,1,No Quantity,,,,,,,619011656,,,0
H2,2003,2003,2003,0,0,1,Import,643,Russian Federation,RUS,104,Myanmar,MMR,,,,,,,,TOTAL,ALL COMMODITIES,1,No Quantity,,,,,,,318275,,,0
H2,2003,2003,2003,0,0,2,Export,643,Russian Federation,RUS,104,Myanmar,MMR,,,,,,,,TOTAL,ALL COMMODITIES,1,No Quantity,,,,,,,10655756,,,0
H2,2003,2003,2003,0,0,1,Import,643,Russian Federation,RUS,108,Burundi,BDI,,,,,,,,TOTAL,ALL COMMODITIES,1,No Quantity,,,,,,,398952,,,0
H2,2003,2003,2003,0,0,2,Export,643,Russian Federation,RUS,108,Burundi,BDI,,,,,,,,TOTAL,ALL COMMODITIES,1,No Quantity,,,,,,,9203,,,0
H2,2003,2003,2003,0,0,1,Import,643,Russian Federation,RUS,112,Belarus,BLR,,,,,,,,TOTAL,ALL COMMODITIES,1,No Quantity,,,,,,,4879858000,,,0
H2,2003,2003,2003,0,0,2,Export,643,Russian Federation,RUS,112,Belarus,BLR,,,,,,,,TOTAL,ALL COMMODITIES,1,No Quantity,,,,,,,7601917000,,,0
H2,2003,2003,2003,0,0,1,Import,643,Russian Federation,RUS,116,Cambodia,KHM,,,,,,,,TOTAL,ALL COMMODITIES,1,No Quantity,,,,,,,601094,,,0
H2,2003,2003,2003,0,0,2,Export,643,Russian Federation,RUS,116,Cambodia,KHM,,,,,,,,TOTAL,ALL COMMODITIES,1,No Quantity,,,,,,,984304,,,0
H2,2003,2003,2003,0,0,1,Import,643,Russian Federation,RUS,120,Cameroon,CMR,,,,,,,,TOTAL,ALL COMMODITIES,1,No Quantity,,,,,,,816840,,,0
H2,2003,2003,2003,0,0,2,Export,643,Russian Federation,RUS,120,Cameroon,CMR,,,,,,,,TOTAL,ALL COMMODITIES,1,No Quantity,,,,,,,281557,,,0
H2,2003,2003,2003,0,0,1,Import,643,Russian Federation,RUS,124,Canada,CAN,,,,,,,,TOTAL,ALL COMMODITIES,1,No Quantity,,,,,,,300502176,,,0
H2,2003,2003,2003,0,0,2,Export,643,Russian Federation,RUS,124,Canada,CAN,,,,,,,,TOTAL,ALL COMMODITIES,1,No Quantity,,,,,,,265724918,,,0
H2,2003,2003,2003,0,0,1,Import,643,Russian Federation,RUS,132,Cabo Verde,CPV,,,,,,,,TOTAL,ALL COMMODITIES,1,No Quantity,,,,,,,482,,,0
H2,2003,2003,2003,0,0,2,Export,643,Russian Federation,RUS,132,Cabo Verde,CPV,,,,,,,,TOTAL,ALL COMMODITIES,1,No Quantity,,,,,,,674078,,,0
H2,2003,2003,2003,0,0,2,Export,643,Russian Federation,RUS,136,Cayman Isds,CYM,,,,,,,,TOTAL,ALL COMMODITIES,1,No Quantity,,,,,,,318,,,0
H2,2003,2003,2003,0,0,1,Import,643,Russian Federation,RUS,140,Central African Rep.,CAF,,,,,,,,TOTAL,ALL COMMODITIES,1,No Quantity,,,,,,,20316,,,0
H2,2003,2003,2003,0,0,2,Export,643,Russian Federation,RUS,140,Central African Rep.,CAF,,,,,,,,TOTAL,ALL COMMODITIES,1,No Quantity,,,,,,,101169,,,0
H2,2003,2003,2003,0,0,1,Import,643,Russian Federation,RUS,144,Sri Lanka,LKA,,,,,,,,TOTAL,ALL COMMODITIES,1,No Quantity,,,,,,,120072246,,,0
H2,2003,2003,2003,0,0,2,Export,643,Russian Federation,RUS,144,Sri Lanka,LKA,,,,,,,,TOTAL,ALL COMMODITIES,1,No Quantity,,,,,,,4613046,,,0
H2,2003,2003,2003,0,0,1,Import,643,Russian Federation,RUS,148,Chad,TCD,,,,,,,,TOTAL,ALL COMMODITIES,1,No Quantity,,,,,,,136495,,,0
H2,2003,2003,2003,0,0,2,Export,643,Russian Federation,RUS,148,Chad,TCD,,,,,,,,TOTAL,ALL COMMODITIES,1,No Quantity,,,,,,,720614,,,0
H2,2003,2003,2003,0,0,1,Import,643,Russian Federation,RUS,152,Chile,CHL,,,,,,,,TOTAL,ALL COMMODITIES,1,No Quantity,,,,,,,45494309,,,0
H2,2003,2003,2003,0,0,2,Export,643,Russian Federation,RUS,152,Chile,CHL,,,,,,,,TOTAL,ALL COMMODITIES,1,No Quantity,,,,,,,8993891,,,0
H2,2003,2003,2003,0,0,1,Import,643,Russian Federation,RUS,156,China,CHN,,,,,,,,TOTAL,ALL COMMODITIES,1,No Quantity,,,,,,,3308670792,,,0
H2,2003,2003,2003,0,0,2,Export,643,Russian Federation,RUS,156,China,CHN,,,,,,,,TOTAL,ALL COMMODITIES,1,No Quantity,,,,,,,8257599165,,,0
H2,2003,2003,2003,0,0,1,Import,643,Russian Federation,RUS,162,Christmas Isds,CXR,,,,,,,,TOTAL,ALL COMMODITIES,1,No Quantity,,,,,,,22,,,0
H2,2003,2003,2003,0,0,1,Import,643,Russian Federation,RUS,170,Colombia,COL,,,,,,,,TOTAL,ALL COMMODITIES,1,No Quantity,,,,,,,21735408,,,0
H2,2003,2003,2003,0,0,2,Export,643,Russian Federation,RUS,170,Colombia,COL,,,,,,,,TOTAL,ALL COMMODITIES,1,No Quantity,,,,,,,14945053,,,0
H2,2003,2003,2003,0,0,1,Import,643,Russian Federation,RUS,174,Comoros,COM,,,,,,,,TOTAL,ALL COMMODITIES,1,No Quantity,,,,,,,41328,,,0
H2,2003,2003,2003,0,0,2,Export,643,Russian Federation,RUS,174,Comoros,COM,,,,,,,,TOTAL,ALL COMMODITIES,1,No Quantity,,,,,,,18053,,,0
H2,2003,2003,2003,0,0,1,Import,643,Russian Federation,RUS,178,Congo,COG,,,,,,,,TOTAL,ALL COMMODITIES,1,No Quantity,,,,,,,713331,,,0
H2,2003,2003,2003,0,0,2,Export,643,Russian Federation,RUS,178,Congo,COG,,,,,,,,TOTAL,ALL COMMODITIES,1,No Quantity,,,,,,,3081663,,,0
H2,2003,2003,2003,0,0,1,Import,643,Russian Federation,RUS,180,Dem. Rep. of the Congo,COD,,,,,,,,TOTAL,ALL COMMODITIES,1,No Quantity,,,,,,,324778,,,0
H2,2003,2003,2003,0,0,2,Export,643,Russian Federation,RUS,180,Dem. Rep. of the Congo,COD,,,,,,,,TOTAL,ALL COMMODITIES,1,No Quantity,,,,,,,1938157,,,0
H2,2003,2003,2003,0,0,1,Import,643,Russian Federation,RUS,188,Costa Rica,CRI,,,,,,,,TOTAL,ALL COMMODITIES,1,No Quantity,,,,,,,9788079,,,0
H2,2003,2003,2003,0,0,2,Export,643,Russian Federation,RUS,188,Costa Rica,CRI,,,,,,,,TOTAL,ALL COMMODITIES,1,No Quantity,,,,,,,2838157,,,0
H2,2003,2003,2003,0,0,1,Import,643,Russian Federation,RUS,191,Croatia,HRV,,,,,,,,TOTAL,ALL COMMODITIES,1,No Quantity,,,,,,,62406316,,,0
H2,2003,2003,2003,0,0,2,Export,643,Russian Federation,RUS,191,Croatia,HRV,,,,,,,,TOTAL,ALL COMMODITIES,1,No Quantity,,,,,,,358747556,,,0
H2,2003,2003,2003,0,0,1,Import,643,Russian Federation,RUS,192,Cuba,CUB,,,,,,,,TOTAL,ALL COMMODITIES,1,No Quantity,,,,,,,180627463,,,0
H2,2003,2003,2003,0,0,2,Export,643,Russian Federation,RUS,192,Cuba,CUB,,,,,,,,TOTAL,ALL COMMODITIES,1,No Quantity,,,,,,,38306398,,,0
H2,2003,2003,2003,0,0,1,Import,643,Russian Federation,RUS,196,Cyprus,CYP,,,,,,,,TOTAL,ALL COMMODITIES,1,No Quantity,,,,,,,13913716,,,0
H2,2003,2003,2003,0,0,2,Export,643,Russian Federation,RUS,196,Cyprus,CYP,,,,,,,,TOTAL,ALL COMMODITIES,1,No Quantity,,,,,,,4491124178,,,0
H2,2003,2003,2003,0,0,1,Import,643,Russian Federation,RUS,203,Czechia,CZE,,,,,,,,TOTAL,ALL COMMODITIES,1,No Quantity,,,,,,,712468896,,,0
H2,2003,2003,2003,0,0,2,Export,643,Russian Federation,RUS,203,Czechia,CZE,,,,,,,,TOTAL,ALL COMMODITIES,1,No Quantity,,,,,,,1941232149,,,0
H2,2003,2003,2003,0,0,1,Import,643,Russian Federation,RUS,204,Benin,BEN,,,,,,,,TOTAL,ALL COMMODITIES,1,No Quantity,,,,,,,53,,,0
H2,2003,2003,2003,0,0,2,Export,643,Russian Federation,RUS,204,Benin,BEN,,,,,,,,TOTAL,ALL COMMODITIES,1,No Quantity,,,,,,,63317,,,0
H2,2003,2003,2003,0,0,1,Import,643,Russian Federation,RUS,208,Denmark,DNK,,,,,,,,TOTAL,ALL COMMODITIES,1,No Quantity,,,,,,,611375105,,,0
H2,2003,2003,2003,0,0,2,Export,643,Russian Federation,RUS,208,Denmark,DNK,,,,,,,,TOTAL,ALL COMMODITIES,1,No Quantity,,,,,,,217249165,,,0
H2,2003,2003,2003,0,0,1,Import,643,Russian Federation,RUS,212,Dominica,DMA,,,,,,,,TOTAL,ALL COMMODITIES,1,No Quantity,,,,,,,3063,,,0
H2,2003,2003,2003,0,0,2,Export,643,Russian Federation,RUS,212,Dominica,DMA,,,,,,,,TOTAL,ALL COMMODITIES,1,No Quantity,,,,,,,90000,,,0
H2,2003,2003,2003,0,0,1,Import,643,Russian Federation,RUS,214,Dominican Rep.,DOM,,,,,,,,TOTAL,ALL COMMODITIES,1,No Quantity,,,,,,,1135103,,,0
H2,2003,2003,2003,0,0,2,Export,643,Russian Federation,RUS,214,Dominican Rep.,DOM,,,,,,,,TOTAL,ALL COMMODITIES,1,No Quantity,,,,,,,4521209,,,0
H2,2003,2003,2003,0,0,1,Import,643,Russian Federation,RUS,218,Ecuador,ECU,,,,,,,,TOTAL,ALL COMMODITIES,1,No Quantity,,,,,,,262739452,,,0
H2,2003,2003,2003,0,0,2,Export,643,Russian Federation,RUS,218,Ecuador,ECU,,,,,,,,TOTAL,ALL COMMODITIES,1,No Quantity,,,,,,,18729925,,,0
H2,2003,2003,2003,0,0,1,Import,643,Russian Federation,RUS,222,El Salvador,SLV,,,,,,,,TOTAL,ALL COMMODITIES,1,No Quantity,,,,,,,25860762,,,0
H2,2003,2003,2003,0,0,2,Export,643,Russian Federation,RUS,222,El Salvador,SLV,,,,,,,,TOTAL,ALL COMMODITIES,1,No Quantity,,,,,,,15333968,,,0
H2,2003,2003,2003,0,0,1,Import,643,Russian Federation,RUS,226,Equatorial Guinea,GNQ,,,,,,,,TOTAL,ALL COMMODITIES,1,No Quantity,,,,,,,24,,,0
H2,2003,2003,2003,0,0,2,Export,643,Russian Federation,RUS,226,Equatorial Guinea,GNQ,,,,,,,,TOTAL,ALL COMMODITIES,1,No Quantity,,,,,,,214356,,,0
H2,2003,2003,2003,0,0,1,Import,643,Russian Federation,RUS,231,Ethiopia,ETH,,,,,,,,TOTAL,ALL COMMODITIES,1,No Quantity,,,,,,,471993,,,0
H2,2003,2003,2003,0,0,2,Export,643,Russian Federation,RUS,231,Ethiopia,ETH,,,,,,,,TOTAL,ALL COMMODITIES,1,No Quantity,,,,,,,56014731,,,0
H2,2003,2003,2003,0,0,1,Import,643,Russian Federation,RUS,232,Eritrea,ERI,,,,,,,,TOTAL,ALL COMMODITIES,1,No Quantity,,,,,,,16148,,,0
H2,2003,2003,2003,0,0,2,Export,643,Russian Federation,RUS,232,Eritrea,ERI,,,,,,,,TOTAL,ALL COMMODITIES,1,No Quantity,,,,,,,11777362,,,0
H2,2003,2003,2003,0,0,1,Import,643,Russian Federation,RUS,233,Estonia,EST,,,,,,,,TOTAL,ALL COMMODITIES,1,No Quantity,,,,,,,129998692,,,0
H2,2003,2003,2003,0,0,2,Export,643,Russian Federation,RUS,233,Estonia,EST,,,,,,,,TOTAL,ALL COMMODITIES,1,No Quantity,,,,,,,1404962104,,,0
H2,2003,2003,2003,0,0,1,Import,643,Russian Federation,RUS,234,Faeroe Isds,FRO,,,,,,,,TOTAL,ALL COMMODITIES,1,No Quantity,,,,,,,662995,,,0
H2,2003,2003,2003,0,0,2,Export,643,Russian Federation,RUS,234,Faeroe Isds,FRO,,,,,,,,TOTAL,ALL COMMODITIES,1,No Quantity,,,,,,,611961,,,0
H2,2003,2003,2003,0,0,1,Import,643,Russian Federation,RUS,238,Falkland Isds (Malvinas),FLK,,,,,,,,TOTAL,ALL COMMODITIES,1,No Quantity,,,,,,,2385,,,0
H2,2003,2003,2003,0,0,2,Export,643,Russian Federation,RUS,238,Falkland Isds (Malvinas),FLK,,,,,,,,TOTAL,ALL COMMODITIES,1,No Quantity,,,,,,,411000,,,0
H2,2003,2003,2003,0,0,1,Import,643,Russian Federation,RUS,242,Fiji,FJI,,,,,,,,TOTAL,ALL COMMODITIES,1,No Quantity,,,,,,,11249,,,0
H2,2003,2003,2003,0,0,1,Import,643,Russian Federation,RUS,246,Finland,FIN,,,,,,,,TOTAL,ALL COMMODITIES,1,No Quantity,,,,,,,1853956790,,,0
H2,2003,2003,2003,0,0,2,Export,643,Russian Federation,RUS,246,Finland,FIN,,,,,,,,TOTAL,ALL COMMODITIES,1,No Quantity,,,,,,,4319457276,,,0
H2,2003,2003,2003,0,0,1,Import,643,Russian Federation,RUS,251,France,FRA,,,,,,,,TOTAL,ALL COMMODITIES,1,No Quantity,,,,,,,2347631264,,,0
H2,2003,2003,2003,0,0,2,Export,643,Russian Federation,RUS,251,France,FRA,,,,,,,,TOTAL,ALL COMMODITIES,1,No Quantity,,,,,,,3490965851,,,0
H2,2003,2003,2003,0,0,1,Import,643,Russian Federation,RUS,258,French Polynesia,PYF,,,,,,,,TOTAL,ALL COMMODITIES,1,No Quantity,,,,,,,5904,,,0
H2,2003,2003,2003,0,0,1,Import,643,Russian Federation,RUS,260,Fr. South Antarctic Terr.,ATF,,,,,,,,TOTAL,ALL COMMODITIES,1,No Quantity,,,,,,,849,,,0
H2,2003,2003,2003,0,0,2,Export,643,Russian Federation,RUS,262,Djibouti,DJI,,,,,,,,TOTAL,ALL COMMODITIES,1,No Quantity,,,,,,,125657,,,0
H2,2003,2003,2003,0,0,1,Import,643,Russian Federation,RUS,266,Gabon,GAB,,,,,,,,TOTAL,ALL COMMODITIES,1,No Quantity,,,,,,,26037,,,0
H2,2003,2003,2003,0,0,1,Import,643,Russian Federation,RUS,268,Georgia,GEO,,,,,,,,TOTAL,ALL COMMODITIES,1,No Quantity,,,,,,,84223152,,,0
H2,2003,2003,2003,0,0,2,Export,643,Russian Federation,RUS,268,Georgia,GEO,,,,,,,,TOTAL,ALL COMMODITIES,1,No Quantity,,,,,,,152891686,,,0
H2,2003,2003,2003,0,0,1,Import,643,Russian Federation,RUS,270,Gambia,GMB,,,,,,,,TOTAL,ALL COMMODITIES,1,No Quantity,,,,,,,983,,,0
H2,2003,2003,2003,0,0,2,Export,643,Russian Federation,RUS,270,Gambia,GMB,,,,,,,,TOTAL,ALL COMMODITIES,1,No Quantity,,,,,,,134579,,,0
H2,2003,2003,2003,0,0,1,Import,643,Russian Federation,RUS,275,State of Palestine,PSE,,,,,,,,TOTAL,ALL COMMODITIES,1,No Quantity,,,,,,,115,,,0
H2,2003,2003,2003,0,0,1,Import,643,Russian Federation,RUS,276,Germany,DEU,,,,,,,,TOTAL,ALL COMMODITIES,1,No Quantity,,,,,,,8112127087,,,0
H2,2003,2003,2003,0,0,2,Export,643,Russian Federation,RUS,276,Germany,DEU,,,,,,,,TOTAL,ALL COMMODITIES,1,No Quantity,,,,,,,10419865746,,,0
H2,2003,2003,2003,0,0,1,Import,643,Russian Federation,RUS,288,Ghana,GHA,,,,,,,,TOTAL,ALL COMMODITIES,1,No Quantity,,,,,,,18598739,,,0
H2,2003,2003,2003,0,0,2,Export,643,Russian Federation,RUS,288,Ghana,GHA,,,,,,,,TOTAL,ALL COMMODITIES,1,No Quantity,,,,,,,5976557,,,0
H2,2003,2003,2003,0,0,1,Import,643,Russian Federation,RUS,292,Gibraltar,GIB,,,,,,,,TOTAL,ALL COMMODITIES,1,No Quantity,,,,,,,56,,,0
H2,2003,2003,2003,0,0,2,Export,643,Russian Federation,RUS,292,Gibraltar,GIB,,,,,,,,TOTAL,ALL COMMODITIES,1,No Quantity,,,,,,,141920633,,,0
H2,2003,2003,2003,0,0,1,Import,643,Russian Federation,RUS,300,Greece,GRC,,,,,,,,TOTAL,ALL COMMODITIES,1,No Quantity,,,,,,,142067939,,,0
H2,2003,2003,2003,0,0,2,Export,643,Russian Federation,RUS,300,Greece,GRC,,,,,,,,TOTAL,ALL COMMODITIES,1,No Quantity,,,,,,,948050558,,,0
H2,2003,2003,2003,0,0,1,Import,643,Russian Federation,RUS,304,Greenland,GRL,,,,,,,,TOTAL,ALL COMMODITIES,1,No Quantity,,,,,,,1637945,,,0
H2,2003,2003,2003,0,0,1,Import,643,Russian Federation,RUS,308,Grenada,GRD,,,,,,,,TOTAL,ALL COMMODITIES,1,No Quantity,,,,,,,17233,,,0
H2,2003,2003,2003,0,0,1,Import,643,Russian Federation,RUS,316,Guam,GUM,,,,,,,,TOTAL,ALL COMMODITIES,1,No Quantity,,,,,,,140,,,0
H2,2003,2003,2003,0,0,1,Import,643,Russian Federation,RUS,320,Guatemala,GTM,,,,,,,,TOTAL,ALL COMMODITIES,1,No Quantity,,,,,,,55949477,,,0
H2,2003,2003,2003,0,0,2,Export,643,Russian Federation,RUS,320,Guatemala,GTM,,,,,,,,TOTAL,ALL COMMODITIES,1,No Quantity,,,,,,,26600904,,,0
H2,2003,2003,2003,0,0,1,Import,643,Russian Federation,RUS,324,Guinea,GIN,,,,,,,,TOTAL,ALL COMMODITIES,1,No Quantity,,,,,,,78697484,,,0
H2,2003,2003,2003,0,0,2,Export,643,Russian Federation,RUS,324,Guinea,GIN,,,,,,,,TOTAL,ALL COMMODITIES,1,No Quantity,,,,,,,3256423,,,0
H2,2003,2003,2003,0,0,1,Import,643,Russian Federation,RUS,328,Guyana,GUY,,,,,,,,TOTAL,ALL COMMODITIES,1,No Quantity,,,,,,,9654,,,0
H2,2003,2003,2003,0,0,2,Export,643,Russian Federation,RUS,328,Guyana,GUY,,,,,,,,TOTAL,ALL COMMODITIES,1,No Quantity,,,,,,,60210,,,0
H2,2003,2003,2003,0,0,1,Import,643,Russian Federation,RUS,332,Haiti,HTI,,,,,,,,TOTAL,ALL COMMODITIES,1,No Quantity,,,,,,,6465,,,0
H2,2003,2003,2003,0,0,2,Export,643,Russian Federation,RUS,332,Haiti,HTI,,,,,,,,TOTAL,ALL COMMODITIES,1,No Quantity,,,,,,,495644,,,0
H2,2003,2003,2003,0,0,1,Import,643,Russian Federation,RUS,340,Honduras,HND,,,,,,,,TOTAL,ALL COMMODITIES,1,No Quantity,,,,,,,7544493,,,0
H2,2003,2003,2003,0,0,2,Export,643,Russian Federation,RUS,340,Honduras,HND,,,,,,,,TOTAL,ALL COMMODITIES,1,No Quantity,,,,,,,18382674,,,0
H2,2003,2003,2003,0,0,1,Import,643,Russian Federation,RUS,344,"China, Hong Kong SAR",HKG,,,,,,,,TOTAL,ALL COMMODITIES,1,No Quantity,,,,,,,7567446,,,0
H2,2003,2003,2003,0,0,2,Export,643,Russian Federation,RUS,344,"China, Hong Kong SAR",HKG,,,,,,,,TOTAL,ALL COMMODITIES,1,No Quantity,,,,,,,321793306,,,0
H2,2003,2003,2003,0,0,1,Import,643,Russian Federation,RUS,348,Hungary,HUN,,,,,,,,TOTAL,ALL COMMODITIES,1,No Quantity,,,,,,,599593878,,,0
H2,2003,2003,2003,0,0,2,Export,643,Russian Federation,RUS,348,Hungary,HUN,,,,,,,,TOTAL,ALL COMMODITIES,1,No Quantity,,,,,,,2821026601,,,0
H2,2003,2003,2003,0,0,1,Import,643,Russian Federation,RUS,352,Iceland,ISL,,,,,,,,TOTAL,ALL COMMODITIES,1,No Quantity,,,,,,,10588670,,,0
H2,2003,2003,2003,0,0,2,Export,643,Russian Federation,RUS,352,Iceland,ISL,,,,,,,,TOTAL,ALL COMMODITIES,1,No Quantity,,,,,,,3211532,,,0
H2,2003,2003,2003,0,0,1,Import,643,Russian Federation,RUS,360,Indonesia,IDN,,,,,,,,TOTAL,ALL COMMODITIES,1,No Quantity,,,,,,,182881084,,,0
H2,2003,2003,2003,0,0,2,Export,643,Russian Federation,RUS,360,Indonesia,IDN,,,,,,,,TOTAL,ALL COMMODITIES,1,No Quantity,,,,,,,235618054,,,0
H2,2003,2003,2003,0,0,1,Import,643,Russian Federation,RUS,364,Iran,IRN,,,,,,,,TOTAL,ALL COMMODITIES,1,No Quantity,,,,,,,63005898,,,0
H2,2003,2003,2003,0,0,2,Export,643,Russian Federation,RUS,364,Iran,IRN,,,,,,,,TOTAL,ALL COMMODITIES,1,No Quantity,,,,,,,1312556462,,,0
H2,2003,2003,2003,0,0,1,Import,643,Russian Federation,RUS,368,Iraq,IRQ,,,,,,,,TOTAL,ALL COMMODITIES,1,No Quantity,,,,,,,30,,,0
H2,2003,2003,2003,0,0,2,Export,643,Russian Federation,RUS,368,Iraq,IRQ,,,,,,,,TOTAL,ALL COMMODITIES,1,No Quantity,,,,,,,167544775,,,0
H2,2003,2003,2003,0,0,1,Import,643,Russian Federation,RUS,372,Ireland,IRL,,,,,,,,TOTAL,ALL COMMODITIES,1,No Quantity,,,,,,,234694740,,,0
H2,2003,2003,2003,0,0,2,Export,643,Russian Federation,RUS,372,Ireland,IRL,,,,,,,,TOTAL,ALL COMMODITIES,1,No Quantity,,,,,,,943234864,,,0
H2,2003,2003,2003,0,0,1,Import,643,Russian Federation,RUS,376,Israel,ISR,,,,,,,,TOTAL,ALL COMMODITIES,1,No Quantity,,,,,,,207221566,,,0
H2,2003,2003,2003,0,0,2,Export,643,Russian Federation,RUS,376,Israel,ISR,,,,,,,,TOTAL,ALL COMMODITIES,1,No Quantity,,,,,,,1454073004,,,0
H2,2003,2003,2003,0,0,1,Import,643,Russian Federation,RUS,381,Italy,ITA,,,,,,,,TOTAL,ALL COMMODITIES,1,No Quantity,,,,,,,2406764770,,,0
H2,2003,2003,2003,0,0,2,Export,643,Russian Federation,RUS,381,Italy,ITA,,,,,,,,TOTAL,ALL COMMODITIES,1,No Quantity,,,,,,,8514861014,,,0
H2,2003,2003,2003,0,0,1,Import,643,Russian Federation,RUS,384,Côte d'Ivoire,CIV,,,,,,,,TOTAL,ALL COMMODITIES,1,No Quantity,,,,,,,130793127,,,0
H2,2003,2003,2003,0,0,2,Export,643,Russian Federation,RUS,384,Côte d'Ivoire,CIV,,,,,,,,TOTAL,ALL COMMODITIES,1,No Quantity,,,,,,,6301842,,,0
H2,2003,2003,2003,0,0,1,Import,643,Russian Federation,RUS,388,Jamaica,JAM,,,,,,,,TOTAL,ALL COMMODITIES,1,No Quantity,,,,,,,21245518,,,0
H2,2003,2003,2003,0,0,2,Export,643,Russian Federation,RUS,388,Jamaica,JAM,,,,,,,,TOTAL,ALL COMMODITIES,1,No Quantity,,,,,,,399355,,,0
H2,2003,2003,2003,0,0,1,Import,643,Russian Federation,RUS,392,Japan,JPN,,,,,,,,TOTAL,ALL COMMODITIES,1,No Quantity,,,,,,,1882938769,,,0
H2,2003,2003,2003,0,0,2,Export,643,Russian Federation,RUS,392,Japan,JPN,,,,,,,,TOTAL,ALL COMMODITIES,1,No Quantity,,,,,,,2421423403,,,0
H2,2003,2003,2003,0,0,1,Import,643,Russian Federation,RUS,398,Kazakhstan,KAZ,,,,,,,,TOTAL,ALL COMMODITIES,1,No Quantity,,,,,,,2473843635,,,0
H2,2003,2003,2003,0,0,2,Export,643,Russian Federation,RUS,398,Kazakhstan,KAZ,,,,,,,,TOTAL,ALL COMMODITIES,1,No Quantity,,,,,,,3280689153,,,0
H2,2003,2003,2003,0,0,1,Import,643,Russian Federation,RUS,400,Jordan,JOR,,,,,,,,TOTAL,ALL COMMODITIES,1,No Quantity,,,,,,,1536002,,,0
H2,2003,2003,2003,0,0,2,Export,643,Russian Federation,RUS,400,Jordan,JOR,,,,,,,,TOTAL,ALL COMMODITIES,1,No Quantity,,,,,,,33228113,,,0
H2,2003,2003,2003,0,0,1,Import,643,Russian Federation,RUS,404,Kenya,KEN,,,,,,,,TOTAL,ALL COMMODITIES,1,No Quantity,,,,,,,15513249,,,0
H2,2003,2003,2003,0,0,2,Export,643,Russian Federation,RUS,404,Kenya,KEN,,,,,,,,TOTAL,ALL COMMODITIES,1,No Quantity,,,,,,,20228280,,,0
H2,2003,2003,2003,0,0,1,Import,643,Russian Federation,RUS,408,Dem. People's Rep. of Korea,PRK,,,,,,,,TOTAL,ALL COMMODITIES,1,No Quantity,,,,,,,2956728,,,0
H2,2003,2003,2003,0,0,2,Export,643,Russian Federation,RUS,408,Dem. People's Rep. of Korea,PRK,,,,,,,,TOTAL,ALL COMMODITIES,1,No Quantity,,,,,,,110713656,,,0
H2,2003,2003,2003,0,0,1,Import,643,Russian Federation,RUS,410,Rep. of Korea,KOR,,,,,,,,TOTAL,ALL COMMODITIES,1,No Quantity,,,,,,,1330636009,,,0
H2,2003,2003,2003,0,0,2,Export,643,Russian Federation,RUS,410,Rep. of Korea,KOR,,,,,,,,TOTAL,ALL COMMODITIES,1,No Quantity,,,,,,,1323617509,,,0
H2,2003,2003,2003,0,0,1,Import,643,Russian Federation,RUS,414,Kuwait,KWT,,,,,,,,TOTAL,ALL COMMODITIES,1,No Quantity,,,,,,,23,,,0
H2,2003,2003,2003,0,0,2,Export,643,Russian Federation,RUS,414,Kuwait,KWT,,,,,,,,TOTAL,ALL COMMODITIES,1,No Quantity,,,,,,,3252166,,,0
H2,2003,2003,2003,0,0,1,Import,643,Russian Federation,RUS,417,Kyrgyzstan,KGZ,,,,,,,,TOTAL,ALL COMMODITIES,1,No Quantity,,,,,,,104444623,,,0
H2,2003,2003,2003,0,0,2,Export,643,Russian Federation,RUS,417,Kyrgyzstan,KGZ,,,,,,,,TOTAL,ALL COMMODITIES,1,No Quantity,,,,,,,160893962,,,0
H2,2003,2003,2003,0,0,1,Import,643,Russian Federation,RUS,418,Lao People's Dem. Rep.,LAO,,,,,,,,TOTAL,ALL COMMODITIES,1,No Quantity,,,,,,,155434,,,0
H2,2003,2003,2003,0,0,2,Export,643,Russian Federation,RUS,418,Lao People's Dem. Rep.,LAO,,,,,,,,TOTAL,ALL COMMODITIES,1,No Quantity,,,,,,,2222860,,,0
H2,2003,2003,2003,0,0,1,Import,643,Russian Federation,RUS,422,Lebanon,LBN,,,,,,,,TOTAL,ALL COMMODITIES,1,No Quantity,,,,,,,2132245,,,0
H2,2003,2003,2003,0,0,2,Export,643,Russian Federation,RUS,422,Lebanon,LBN,,,,,,,,TOTAL,ALL COMMODITIES,1,No Quantity,,,,,,,137786520,,,0
H2,2003,2003,2003,0,0,1,Import,643,Russian Federation,RUS,428,Latvia,LVA,,,,,,,,TOTAL,ALL COMMODITIES,1,No Quantity,,,,,,,181426471,,,0
H2,2003,2003,2003,0,0,2,Export,643,Russian Federation,RUS,428,Latvia,LVA,,,,,,,,TOTAL,ALL COMMODITIES,1,No Quantity,,,,,,,1058987303,,,0
H2,2003,2003,2003,0,0,1,Import,643,Russian Federation,RUS,430,Liberia,LBR,,,,,,,,TOTAL,ALL COMMODITIES,1,No Quantity,,,,,,,948,,,0
H2,2003,2003,2003,0,0,2,Export,643,Russian Federation,RUS,430,Liberia,LBR,,,,,,,,TOTAL,ALL COMMODITIES,1,No Quantity,,,,,,,40093274,,,0
H2,2003,2003,2003,0,0,1,Import,643,Russian Federation,RUS,434,Libya,LBY,,,,,,,,TOTAL,ALL COMMODITIES,1,No Quantity,,,,,,,5845,,,0
H2,2003,2003,2003,0,0,2,Export,643,Russian Federation,RUS,434,Libya,LBY,,,,,,,,TOTAL,ALL COMMODITIES,1,No Quantity,,,,,,,54314072,,,0
H2,2003,2003,2003,0,0,1,Import,643,Russian Federation,RUS,440,Lithuania,LTU,,,,,,,,TOTAL,ALL COMMODITIES,1,No Quantity,,,,,,,409077434,,,0
H2,2003,2003,2003,0,0,2,Export,643,Russian Federation,RUS,440,Lithuania,LTU,,,,,,,,TOTAL,ALL COMMODITIES,1,No Quantity,,,,,,,2165280586,,,0
H2,2003,2003,2003,0,0,1,Import,643,Russian Federation,RUS,442,Luxembourg,LUX,,,,,,,,TOTAL,ALL COMMODITIES,1,No Quantity,,,,,,,33331424,,,0
H2,2003,2003,2003,0,0,2,Export,643,Russian Federation,RUS,442,Luxembourg,LUX,,,,,,,,TOTAL,ALL COMMODITIES,1,No Quantity,,,,,,,33230213,,,0
H2,2003,2003,2003,0,0,1,Import,643,Russian Federation,RUS,446,"China, Macao SAR",MAC,,,,,,,,TOTAL,ALL COMMODITIES,1,No Quantity,,,,,,,201541,,,0
H2,2003,2003,2003,0,0,2,Export,643,Russian Federation,RUS,446,"China, Macao SAR",MAC,,,,,,,,TOTAL,ALL COMMODITIES,1,No Quantity,,,,,,,462312,,,0
H2,2003,2003,2003,0,0,1,Import,643,Russian Federation,RUS,450,Madagascar,MDG,,,,,,,,TOTAL,ALL COMMODITIES,1,No Quantity,,,,,,,146468,,,0
H2,2003,2003,2003,0,0,2,Export,643,Russian Federation,RUS,450,Madagascar,MDG,,,,,,,,TOTAL,ALL COMMODITIES,1,No Quantity,,,,,,,183649,,,0
H2,2003,2003,2003,0,0,1,Import,643,Russian Federation,RUS,454,Malawi,MWI,,,,,,,,TOTAL,ALL COMMODITIES,1,No Quantity,,,,,,,22314095,,,0
H2,2003,2003,2003,0,0,1,Import,643,Russian Federation,RUS,458,Malaysia,MYS,,,,,,,,TOTAL,ALL COMMODITIES,1,No Quantity,,,,,,,300299523,,,0
H2,2003,2003,2003,0,0,2,Export,643,Russian Federation,RUS,458,Malaysia,MYS,,,,,,,,TOTAL,ALL COMMODITIES,1,No Quantity,,,,,,,425080084,,,0
H2,2003,2003,2003,0,0,2,Export,643,Russian Federation,RUS,466,Mali,MLI,,,,,,,,TOTAL,ALL COMMODITIES,1,No Quantity,,,,,,,2946848,,,0
H2,2003,2003,2003,0,0,1,Import,643,Russian Federation,RUS,470,Malta,MLT,,,,,,,,TOTAL,ALL COMMODITIES,1,No Quantity,,,,,,,3297826,,,0
H2,2003,2003,2003,0,0,2,Export,643,Russian Federation,RUS,470,Malta,MLT,,,,,,,,TOTAL,ALL COMMODITIES,1,No Quantity,,,,,,,82555304,,,0
H2,2003,2003,2003,0,0,1,Import,643,Russian Federation,RUS,478,Mauritania,MRT,,,,,,,,TOTAL,ALL COMMODITIES,1,No Quantity,,,,,,,32678776,,,0
H2,2003,2003,2003,0,0,2,Export,643,Russian Federation,RUS,478,Mauritania,MRT,,,,,,,,TOTAL,ALL COMMODITIES,1,No Quantity,,,,,,,18973570,,,0
H2,2003,2003,2003,0,0,1,Import,643,Russian Federation,RUS,480,Mauritius,MUS,,,,,,,,TOTAL,ALL COMMODITIES,1,No Quantity,,,,,,,277506,,,0
H2,2003,2003,2003,0,0,2,Export,643,Russian Federation,RUS,480,Mauritius,MUS,,,,,,,,TOTAL,ALL COMMODITIES,1,No Quantity,,,,,,,386376,,,0
H2,2003,2003,2003,0,0,1,Import,643,Russian Federation,RUS,484,Mexico,MEX,,,,,,,,TOTAL,ALL COMMODITIES,1,No Quantity,,,,,,,64528020,,,0
H2,2003,2003,2003,0,0,2,Export,643,Russian Federation,RUS,484,Mexico,MEX,,,,,,,,TOTAL,ALL COMMODITIES,1,No Quantity,,,,,,,98468939,,,0
H2,2003,2003,2003,0,0,1,Import,643,Russian Federation,RUS,490,"Other Asia, nes",,,,,,,,,TOTAL,ALL COMMODITIES,1,No Quantity,,,,,,,261999103,,,0
H2,2003,2003,2003,0,0,2,Export,643,Russian Federation,RUS,490,"Other Asia, nes",,,,,,,,,TOTAL,ALL COMMODITIES,1,No Quantity,,,,,,,836559803,,,0
H2,2003,2003,2003,0,0,1,Import,643,Russian Federation,RUS,496,Mongolia,MNG,,,,,,,,TOTAL,ALL COMMODITIES,1,No Quantity,,,,,,,35643189,,,0
H2,2003,2003,2003,0,0,2,Export,643,Russian Federation,RUS,496,Mongolia,MNG,,,,,,,,TOTAL,ALL COMMODITIES,1,No Quantity,,,,,,,284090950,,,0
H2,2003,2003,2003,0,0,1,Import,643,Russian Federation,RUS,498,Rep. of Moldova,MDA,,,,,,,,TOTAL,ALL COMMODITIES,1,No Quantity,,,,,,,403698713,,,0
H2,2003,2003,2003,0,0,2,Export,643,Russian Federation,RUS,498,Rep. of Moldova,MDA,,,,,,,,TOTAL,ALL COMMODITIES,1,No Quantity,,,,,,,306183426,,,0
H2,2003,2003,2003,0,0,1,Import,643,Russian Federation,RUS,500,Montserrat,MSR,,,,,,,,TOTAL,ALL COMMODITIES,1,No Quantity,,,,,,,904,,,0
H2,2003,2003,2003,0,0,1,Import,643,Russian Federation,RUS,504,Morocco,MAR,,,,,,,,TOTAL,ALL COMMODITIES,1,No Quantity,,,,,,,78117426,,,0
H2,2003,2003,2003,0,0,2,Export,643,Russian Federation,RUS,504,Morocco,MAR,,,,,,,,TOTAL,ALL COMMODITIES,1,No Quantity,,,,,,,111237069,,,0
H2,2003,2003,2003,0,0,1,Import,643,Russian Federation,RUS,508,Mozambique,MOZ,,,,,,,,TOTAL,ALL COMMODITIES,1,No Quantity,,,,,,,6005595,,,0
H2,2003,2003,2003,0,0,2,Export,643,Russian Federation,RUS,508,Mozambique,MOZ,,,,,,,,TOTAL,ALL COMMODITIES,1,No Quantity,,,,,,,41262,,,0
H2,2003,2003,2003,0,0,1,Import,643,Russian Federation,RUS,512,Oman,OMN,,,,,,,,TOTAL,ALL COMMODITIES,1,No Quantity,,,,,,,758323,,,0
H2,2003,2003,2003,0,0,2,Export,643,Russian Federation,RUS,512,Oman,OMN,,,,,,,,TOTAL,ALL COMMODITIES,1,No Quantity,,,,,,,4518827,,,0
H2,2003,2003,2003,0,0,1,Import,643,Russian Federation,RUS,516,Namibia,NAM,,,,,,,,TOTAL,ALL COMMODITIES,1,No Quantity,,,,,,,6085002,,,0
H2,2003,2003,2003,0,0,2,Export,643,Russian Federation,RUS,516,Namibia,NAM,,,,,,,,TOTAL,ALL COMMODITIES,1,No Quantity,,,,,,,1044896,,,0
H2,2003,2003,2003,0,0,1,Import,643,Russian Federation,RUS,520,Nauru,NRU,,,,,,,,TOTAL,ALL COMMODITIES,1,No Quantity,,,,,,,104,,,0
H2,2003,2003,2003,0,0,1,Import,643,Russian Federation,RUS,524,Nepal,NPL,,,,,,,,TOTAL,ALL COMMODITIES,1,No Quantity,,,,,,,147165,,,0
H2,2003,2003,2003,0,0,2,Export,643,Russian Federation,RUS,524,Nepal,NPL,,,,,,,,TOTAL,ALL COMMODITIES,1,No Quantity,,,,,,,5959152,,,0
H2,2003,2003,2003,0,0,1,Import,643,Russian Federation,RUS,528,Netherlands,NLD,,,,,,,,TOTAL,ALL COMMODITIES,1,No Quantity,,,,,,,1257813302,,,0
H2,2003,2003,2003,0,0,2,Export,643,Russian Federation,RUS,528,Netherlands,NLD,,,,,,,,TOTAL,ALL COMMODITIES,1,No Quantity,,,,,,,8673741872,,,0
H2,2003,2003,2003,0,0,1,Import,643,Russian Federation,RUS,530,Neth. Antilles,ANT,,,,,,,,TOTAL,ALL COMMODITIES,1,No Quantity,,,,,,,6047,,,0
H2,2003,2003,2003,0,0,2,Export,643,Russian Federation,RUS,530,Neth. Antilles,ANT,,,,,,,,TOTAL,ALL COMMODITIES,1,No Quantity,,,,,,,118212404,,,0
H2,2003,2003,2003,0,0,1,Import,643,Russian Federation,RUS,540,New Caledonia,NCL,,,,,,,,TOTAL,ALL COMMODITIES,1,No Quantity,,,,,,,89693,,,0
H2,2003,2003,2003,0,0,1,Import,643,Russian Federation,RUS,554,New Zealand,NZL,,,,,,,,TOTAL,ALL COMMODITIES,1,No Quantity,,,,,,,62569902,,,0
H2,2003,2003,2003,0,0,2,Export,643,Russian Federation,RUS,554,New Zealand,NZL,,,,,,,,TOTAL,ALL COMMODITIES,1,No Quantity,,,,,,,8214712,,,0
H2,2003,2003,2003,0,0,1,Import,643,Russian Federation,RUS,558,Nicaragua,NIC,,,,,,,,TOTAL,ALL COMMODITIES,1,No Quantity,,,,,,,18030434,,,0
H2,2003,2003,2003,0,0,2,Export,643,Russian Federation,RUS,558,Nicaragua,NIC,,,,,,,,TOTAL,ALL COMMODITIES,1,No Quantity,,,,,,,4365375,,,0
H2,2003,2003,2003,0,0,1,Import,643,Russian Federation,RUS,562,Niger,NER,,,,,,,,TOTAL,ALL COMMODITIES,1,No Quantity,,,,,,,1010,,,0
H2,2003,2003,2003,0,0,2,Export,643,Russian Federation,RUS,562,Niger,NER,,,,,,,,TOTAL,ALL COMMODITIES,1,No Quantity,,,,,,,12051,,,0
H2,2003,2003,2003,0,0,1,Import,643,Russian Federation,RUS,566,Nigeria,NGA,,,,,,,,TOTAL,ALL COMMODITIES,1,No Quantity,,,,,,,6712253,,,0
H2,2003,2003,2003,0,0,2,Export,643,Russian Federation,RUS,566,Nigeria,NGA,,,,,,,,TOTAL,ALL COMMODITIES,1,No Quantity,,,,,,,74881916,,,0
H2,2003,2003,2003,0,0,1,Import,643,Russian Federation,RUS,579,Norway,NOR,,,,,,,,TOTAL,ALL COMMODITIES,1,No Quantity,,,,,,,323300985,,,0
H2,2003,2003,2003,0,0,2,Export,643,Russian Federation,RUS,579,Norway,NOR,,,,,,,,TOTAL,ALL COMMODITIES,1,No Quantity,,,,,,,309564102,,,0
H2,2003,2003,2003,0,0,1,Import,643,Russian Federation,RUS,581,United States Minor Outlying Islands,UMI,,,,,,,,TOTAL,ALL COMMODITIES,1,No Quantity,,,,,,,165,,,0
H2,2003,2003,2003,0,0,2,Export,643,Russian Federation,RUS,581,United States Minor Outlying Islands,UMI,,,,,,,,TOTAL,ALL COMMODITIES,1,No Quantity,,,,,,,13911693,,,0
H2,2003,2003,2003,0,0,1,Import,643,Russian Federation,RUS,584,Marshall Isds,MHL,,,,,,,,TOTAL,ALL COMMODITIES,1,No Quantity,,,,,,,16,,,0
H2,2003,2003,2003,0,0,2,Export,643,Russian Federation,RUS,584,Marshall Isds,MHL,,,,,,,,TOTAL,ALL COMMODITIES,1,No Quantity,,,,,,,825077,,,0
H2,2003,2003,2003,0,0,1,Import,643,Russian Federation,RUS,586,Pakistan,PAK,,,,,,,,TOTAL,ALL COMMODITIES,1,No Quantity,,,,,,,18680064,,,0
H2,2003,2003,2003,0,0,2,Export,643,Russian Federation,RUS,586,Pakistan,PAK,,,,,,,,TOTAL,ALL COMMODITIES,1,No Quantity,,,,,,,70837269,,,0
H2,2003,2003,2003,0,0,1,Import,643,Russian Federation,RUS,591,Panama,PAN,,,,,,,,TOTAL,ALL COMMODITIES,1,No Quantity,,,,,,,3543408,,,0
H2,2003,2003,2003,0,0,2,Export,643,Russian Federation,RUS,591,Panama,PAN,,,,,,,,TOTAL,ALL COMMODITIES,1,No Quantity,,,,,,,86552916,,,0
H2,2003,2003,2003,0,0,1,Import,643,Russian Federation,RUS,598,Papua New Guinea,PNG,,,,,,,,TOTAL,ALL COMMODITIES,1,No Quantity,,,,,,,1476039,,,0
H2,2003,2003,2003,0,0,2,Export,643,Russian Federation,RUS,598,Papua New Guinea,PNG,,,,,,,,TOTAL,ALL COMMODITIES,1,No Quantity,,,,,,,3209931,,,0
H2,2003,2003,2003,0,0,1,Import,643,Russian Federation,RUS,600,Paraguay,PRY,,,,,,,,TOTAL,ALL COMMODITIES,1,No Quantity,,,,,,,2180520,,,0
H2,2003,2003,2003,0,0,2,Export,643,Russian Federation,RUS,600,Paraguay,PRY,,,,,,,,TOTAL,ALL COMMODITIES,1,No Quantity,,,,,,,1585343,,,0
H2,2003,2003,2003,0,0,1,Import,643,Russian Federation,RUS,604,Peru,PER,,,,,,,,TOTAL,ALL COMMODITIES,1,No Quantity,,,,,,,28655250,,,0
H2,2003,2003,2003,0,0,2,Export,643,Russian Federation,RUS,604,Peru,PER,,,,,,,,TOTAL,ALL COMMODITIES,1,No Quantity,,,,,,,59564228,,,0
H2,2003,2003,2003,0,0,1,Import,643,Russian Federation,RUS,608,Philippines,PHL,,,,,,,,TOTAL,ALL COMMODITIES,1,No Quantity,,,,,,,39226499,,,0
H2,2003,2003,2003,0,0,2,Export,643,Russian Federation,RUS,608,Philippines,PHL,,,,,,,,TOTAL,ALL COMMODITIES,1,No Quantity,,,,,,,183349894,,,0
H2,2003,2003,2003,0,0,1,Import,643,Russian Federation,RUS,616,Poland,POL,,,,,,,,TOTAL,ALL COMMODITIES,1,No Quantity,,,,,,,1714584297,,,0
H2,2003,2003,2003,0,0,2,Export,643,Russian Federation,RUS,616,Poland,POL,,,,,,,,TOTAL,ALL COMMODITIES,1,No Quantity,,,,,,,4619330710,,,0
H2,2003,2003,2003,0,0,1,Import,643,Russian Federation,RUS,620,Portugal,PRT,,,,,,,,TOTAL,ALL COMMODITIES,1,No Quantity,,,,,,,43762820,,,0
H2,2003,2003,2003,0,0,2,Export,643,Russian Federation,RUS,620,Portugal,PRT,,,,,,,,TOTAL,ALL COMMODITIES,1,No Quantity,,,,,,,118818407,,,0
H2,2003,2003,2003,0,0,2,Export,643,Russian Federation,RUS,624,Guinea-Bissau,GNB,,,,,,,,TOTAL,ALL COMMODITIES,1,No Quantity,,,,,,,35386,,,0
H2,2003,2003,2003,0,0,1,Import,643,Russian Federation,RUS,626,Timor-Leste,TLS,,,,,,,,TOTAL,ALL COMMODITIES,1,No Quantity,,,,,,,17127,,,0
H2,2003,2003,2003,0,0,2,Export,643,Russian Federation,RUS,626,Timor-Leste,TLS,,,,,,,,TOTAL,ALL COMMODITIES,1,No Quantity,,,,,,,606608,,,0
H2,2003,2003,2003,0,0,1,Import,643,Russian Federation,RUS,634,Qatar,QAT,,,,,,,,TOTAL,ALL COMMODITIES,1,No Quantity,,,,,,,75754,,,0
H2,2003,2003,2003,0,0,2,Export,643,Russian Federation,RUS,634,Qatar,QAT,,,,,,,,TOTAL,ALL COMMODITIES,1,No Quantity,,,,,,,1926799,,,0
H2,2003,2003,2003,0,0,1,Import,643,Russian Federation,RUS,642,Romania,ROU,,,,,,,,TOTAL,ALL COMMODITIES,1,No Quantity,,,,,,,68707825,,,0
H2,2003,2003,2003,0,0,2,Export,643,Russian Federation,RUS,642,Romania,ROU,,,,,,,,TOTAL,ALL COMMODITIES,1,No Quantity,,,,,,,1292805390,,,0
H2,2003,2003,2003,0,0,1,Import,643,Russian Federation,RUS,646,Rwanda,RWA,,,,,,,,TOTAL,ALL COMMODITIES,1,No Quantity,,,,,,,512,,,0
H2,2003,2003,2003,0,0,2,Export,643,Russian Federation,RUS,646,Rwanda,RWA,,,,,,,,TOTAL,ALL COMMODITIES,1,No Quantity,,,,,,,1853560,,,0
H2,2003,2003,2003,0,0,1,Import,643,Russian Federation,RUS,659,Saint Kitts and Nevis,KNA,,,,,,,,TOTAL,ALL COMMODITIES,1,No Quantity,,,,,,,84,,,0
H2,2003,2003,2003,0,0,2,Export,643,Russian Federation,RUS,659,Saint Kitts and Nevis,KNA,,,,,,,,TOTAL,ALL COMMODITIES,1,No Quantity,,,,,,,395697,,,0
H2,2003,2003,2003,0,0,1,Import,643,Russian Federation,RUS,660,Anguilla,AIA,,,,,,,,TOTAL,ALL COMMODITIES,1,No Quantity,,,,,,,740,,,0
H2,2003,2003,2003,0,0,1,Import,643,Russian Federation,RUS,666,Saint Pierre and Miquelon,SPM,,,,,,,,TOTAL,ALL COMMODITIES,1,No Quantity,,,,,,,144,,,0
H2,2003,2003,2003,0,0,2,Export,643,Russian Federation,RUS,670,Saint Vincent and the Grenadines,VCT,,,,,,,,TOTAL,ALL COMMODITIES,1,No Quantity,,,,,,,1103451,,,0
H2,2003,2003,2003,0,0,2,Export,643,Russian Federation,RUS,678,Sao Tome and Principe,STP,,,,,,,,TOTAL,ALL COMMODITIES,1,No Quantity,,,,,,,262212,,,0
H2,2003,2003,2003,0,0,1,Import,643,Russian Federation,RUS,682,Saudi Arabia,SAU,,,,,,,,TOTAL,ALL COMMODITIES,1,No Quantity,,,,,,,2184804,,,0
H2,2003,2003,2003,0,0,2,Export,643,Russian Federation,RUS,682,Saudi Arabia,SAU,,,,,,,,TOTAL,ALL COMMODITIES,1,No Quantity,,,,,,,209594826,,,0
H2,2003,2003,2003,0,0,1,Import,643,Russian Federation,RUS,686,Senegal,SEN,,,,,,,,TOTAL,ALL COMMODITIES,1,No Quantity,,,,,,,19652,,,0
H2,2003,2003,2003,0,0,2,Export,643,Russian Federation,RUS,686,Senegal,SEN,,,,,,,,TOTAL,ALL COMMODITIES,1,No Quantity,,,,,,,11080780,,,0
H2,2003,2003,2003,0,0,1,Import,643,Russian Federation,RUS,690,Seychelles,SYC,,,,,,,,TOTAL,ALL COMMODITIES,1,No Quantity,,,,,,,462094,,,0
H2,2003,2003,2003,0,0,2,Export,643,Russian Federation,RUS,690,Seychelles,SYC,,,,,,,,TOTAL,ALL COMMODITIES,1,No Quantity,,,,,,,10014374,,,0
H2,2003,2003,2003,0,0,1,Import,643,Russian Federation,RUS,694,Sierra Leone,SLE,,,,,,,,TOTAL,ALL COMMODITIES,1,No Quantity,,,,,,,90586,,,0
H2,2003,2003,2003,0,0,2,Export,643,Russian Federation,RUS,694,Sierra Leone,SLE,,,,,,,,TOTAL,ALL COMMODITIES,1,No Quantity,,,,,,,7164527,,,0
H2,2003,2003,2003,0,0,1,Import,643,Russian Federation,RUS,699,India,IND,,,,,,,,TOTAL,ALL COMMODITIES,1,No Quantity,,,,,,,584718029,,,0
H2,2003,2003,2003,0,0,2,Export,643,Russian Federation,RUS,699,India,IND,,,,,,,,TOTAL,ALL COMMODITIES,1,No Quantity,,,,,,,2735372661,,,0
H2,2003,2003,2003,0,0,1,Import,643,Russian Federation,RUS,702,Singapore,SGP,,,,,,,,TOTAL,ALL COMMODITIES,1,No Quantity,,,,,,,90590248,,,0
H2,2003,2003,2003,0,0,2,Export,643,Russian Federation,RUS,702,Singapore,SGP,,,,,,,,TOTAL,ALL COMMODITIES,1,No Quantity,,,,,,,158181332,,,0
H2,2003,2003,2003,0,0,1,Import,643,Russian Federation,RUS,703,Slovakia,SVK,,,,,,,,TOTAL,ALL COMMODITIES,1,No Quantity,,,,,,,301371235,,,0
H2,2003,2003,2003,0,0,2,Export,643,Russian Federation,RUS,703,Slovakia,SVK,,,,,,,,TOTAL,ALL COMMODITIES,1,No Quantity,,,,,,,2296985304,,,0
H2,2003,2003,2003,0,0,1,Import,643,Russian Federation,RUS,704,Viet Nam,VNM,,,,,,,,TOTAL,ALL COMMODITIES,1,No Quantity,,,,,,,77089607,,,0
H2,2003,2003,2003,0,0,2,Export,643,Russian Federation,RUS,704,Viet Nam,VNM,,,,,,,,TOTAL,ALL COMMODITIES,1,No Quantity,,,,,,,357198089,,,0
H2,2003,2003,2003,0,0,1,Import,643,Russian Federation,RUS,705,Slovenia,SVN,,,,,,,,TOTAL,ALL COMMODITIES,1,No Quantity,,,,,,,308861951,,,0
H2,2003,2003,2003,0,0,2,Export,643,Russian Federation,RUS,705,Slovenia,SVN,,,,,,,,TOTAL,ALL COMMODITIES,1,No Quantity,,,,,,,168803386,,,0
H2,2003,2003,2003,0,0,1,Import,643,Russian Federation,RUS,706,Somalia,SOM,,,,,,,,TOTAL,ALL COMMODITIES,1,No Quantity,,,,,,,2930,,,0
H2,2003,2003,2003,0,0,2,Export,643,Russian Federation,RUS,706,Somalia,SOM,,,,,,,,TOTAL,ALL COMMODITIES,1,No Quantity,,,,,,,150,,,0
H2,2003,2003,2003,0,0,1,Import,643,Russian Federation,RUS,710,South Africa,ZAF,,,,,,,,TOTAL,ALL COMMODITIES,1,No Quantity,,,,,,,112675255,,,0
H2,2003,2003,2003,0,0,2,Export,643,Russian Federation,RUS,710,South Africa,ZAF,,,,,,,,TOTAL,ALL COMMODITIES,1,No Quantity,,,,,,,6926896,,,0
H2,2003,2003,2003,0,0,1,Import,643,Russian Federation,RUS,716,Zimbabwe,ZWE,,,,,,,,TOTAL,ALL COMMODITIES,1,No Quantity,,,,,,,23710922,,,0
H2,2003,2003,2003,0,0,2,Export,643,Russian Federation,RUS,716,Zimbabwe,ZWE,,,,,,,,TOTAL,ALL COMMODITIES,1,No Quantity,,,,,,,5849,,,0
H2,2003,2003,2003,0,0,1,Import,643,Russian Federation,RUS,724,Spain,ESP,,,,,,,,TOTAL,ALL COMMODITIES,1,No Quantity,,,,,,,761929914,,,0
H2,2003,2003,2003,0,0,2,Export,643,Russian Federation,RUS,724,Spain,ESP,,,,,,,,TOTAL,ALL COMMODITIES,1,No Quantity,,,,,,,1308017445,,,0
H2,2003,2003,2003,0,0,1,Import,643,Russian Federation,RUS,732,Western Sahara,ESH,,,,,,,,TOTAL,ALL COMMODITIES,1,No Quantity,,,,,,,21321,,,0
H2,2003,2003,2003,0,0,2,Export,643,Russian Federation,RUS,732,Western Sahara,ESH,,,,,,,,TOTAL,ALL COMMODITIES,1,No Quantity,,,,,,,1868,,,0
H2,2003,2003,2003,0,0,1,Import,643,Russian Federation,RUS,736,Fmr Sudan,SDN,,,,,,,,TOTAL,ALL COMMODITIES,1,No Quantity,,,,,,,819690,,,0
H2,2003,2003,2003,0,0,2,Export,643,Russian Federation,RUS,736,Fmr Sudan,SDN,,,,,,,,TOTAL,ALL COMMODITIES,1,No Quantity,,,,,,,55413751,,,0
H2,2003,2003,2003,0,0,1,Import,643,Russian Federation,RUS,740,Suriname,SUR,,,,,,,,TOTAL,ALL COMMODITIES,1,No Quantity,,,,,,,2726490,,,0
H2,2003,2003,2003,0,0,1,Import,643,Russian Federation,RUS,748,Eswatini,SWZ,,,,,,,,TOTAL,ALL COMMODITIES,1,No Quantity,,,,,,,482741,,,0
H2,2003,2003,2003,0,0,2,Export,643,Russian Federation,RUS,748,Eswatini,SWZ,,,,,,,,TOTAL,ALL COMMODITIES,1,No Quantity,,,,,,,8100,,,0
H2,2003,2003,2003,0,0,1,Import,643,Russian Federation,RUS,752,Sweden,SWE,,,,,,,,TOTAL,ALL COMMODITIES,1,No Quantity,,,,,,,1221261605,,,0
H2,2003,2003,2003,0,0,2,Export,643,Russian Federation,RUS,752,Sweden,SWE,,,,,,,,TOTAL,ALL COMMODITIES,1,No Quantity,,,,,,,931002389,,,0
H2,2003,2003,2003,0,0,1,Import,643,Russian Federation,RUS,757,Switzerland,CHE,,,,,,,,TOTAL,ALL COMMODITIES,1,No Quantity,,,,,,,536068287,,,0
H2,2003,2003,2003,0,0,2,Export,643,Russian Federation,RUS,757,Switzerland,CHE,,,,,,,,TOTAL,ALL COMMODITIES,1,No Quantity,,,,,,,5825308100,,,0
H2,2003,2003,2003,0,0,1,Import,643,Russian Federation,RUS,760,Syria,SYR,,,,,,,,TOTAL,ALL COMMODITIES,1,No Quantity,,,,,,,14018561,,,0
H2,2003,2003,2003,0,0,2,Export,643,Russian Federation,RUS,760,Syria,SYR,,,,,,,,TOTAL,ALL COMMODITIES,1,No Quantity,,,,,,,208829147,,,0
H2,2003,2003,2003,0,0,1,Import,643,Russian Federation,RUS,762,Tajikistan,TJK,,,,,,,,TOTAL,ALL COMMODITIES,1,No Quantity,,,,,,,70009991,,,0
H2,2003,2003,2003,0,0,2,Export,643,Russian Federation,RUS,762,Tajikistan,TJK,,,,,,,,TOTAL,ALL COMMODITIES,1,No Quantity,,,,,,,128633166,,,0
H2,2003,2003,2003,0,0,1,Import,643,Russian Federation,RUS,764,Thailand,THA,,,,,,,,TOTAL,ALL COMMODITIES,1,No Quantity,,,,,,,301735085,,,0
H2,2003,2003,2003,0,0,2,Export,643,Russian Federation,RUS,764,Thailand,THA,,,,,,,,TOTAL,ALL COMMODITIES,1,No Quantity,,,,,,,130412919,,,0
H2,2003,2003,2003,0,0,1,Import,643,Russian Federation,RUS,768,Togo,TGO,,,,,,,,TOTAL,ALL COMMODITIES,1,No Quantity,,,,,,,695226,,,0
H2,2003,2003,2003,0,0,2,Export,643,Russian Federation,RUS,768,Togo,TGO,,,,,,,,TOTAL,ALL COMMODITIES,1,No Quantity,,,,,,,8068840,,,0
H2,2003,2003,2003,0,0,1,Import,643,Russian Federation,RUS,776,Tonga,TON,,,,,,,,TOTAL,ALL COMMODITIES,1,No Quantity,,,,,,,246,,,0
H2,2003,2003,2003,0,0,1,Import,643,Russian Federation,RUS,780,Trinidad and Tobago,TTO,,,,,,,,TOTAL,ALL COMMODITIES,1,No Quantity,,,,,,,143785,,,0
H2,2003,2003,2003,0,0,2,Export,643,Russian Federation,RUS,780,Trinidad and Tobago,TTO,,,,,,,,TOTAL,ALL COMMODITIES,1,No Quantity,,,,,,,5063412,,,0
H2,2003,2003,2003,0,0,1,Import,643,Russian Federation,RUS,784,United Arab Emirates,ARE,,,,,,,,TOTAL,ALL COMMODITIES,1,No Quantity,,,,,,,2502865,,,0
H2,2003,2003,2003,0,0,2,Export,643,Russian Federation,RUS,784,United Arab Emirates,ARE,,,,,,,,TOTAL,ALL COMMODITIES,1,No Quantity,,,,,,,269595306,,,0
H2,2003,2003,2003,0,0,1,Import,643,Russian Federation,RUS,788,Tunisia,TUN,,,,,,,,TOTAL,ALL COMMODITIES,1,No Quantity,,,,,,,4727922,,,0
H2,2003,2003,2003,0,0,2,Export,643,Russian Federation,RUS,788,Tunisia,TUN,,,,,,,,TOTAL,ALL COMMODITIES,1,No Quantity,,,,,,,98601321,,,0
H2,2003,2003,2003,0,0,1,Import,643,Russian Federation,RUS,792,Turkey,TUR,,,,,,,,TOTAL,ALL COMMODITIES,1,No Quantity,,,,,,,927987900,,,0
H2,2003,2003,2003,0,0,2,Export,643,Russian Federation,RUS,792,Turkey,TUR,,,,,,,,TOTAL,ALL COMMODITIES,1,No Quantity,,,,,,,4807462253,,,0
H2,2003,2003,2003,0,0,1,Import,643,Russian Federation,RUS,795,Turkmenistan,TKM,,,,,,,,TOTAL,ALL COMMODITIES,1,No Quantity,,,,,,,28371177,,,0
H2,2003,2003,2003,0,0,2,Export,643,Russian Federation,RUS,795,Turkmenistan,TKM,,,,,,,,TOTAL,ALL COMMODITIES,1,No Quantity,,,,,,,221614060,,,0
H2,2003,2003,2003,0,0,1,Import,643,Russian Federation,RUS,796,Turks and Caicos Isds,TCA,,,,,,,,TOTAL,ALL COMMODITIES,1,No Quantity,,,,,,,8225,,,0
H2,2003,2003,2003,0,0,2,Export,643,Russian Federation,RUS,796,Turks and Caicos Isds,TCA,,,,,,,,TOTAL,ALL COMMODITIES,1,No Quantity,,,,,,,27667,,,0
H2,2003,2003,2003,0,0,1,Import,643,Russian Federation,RUS,798,Tuvalu,TUV,,,,,,,,TOTAL,ALL COMMODITIES,1,No Quantity,,,,,,,1972,,,0
H2,2003,2003,2003,0,0,1,Import,643,Russian Federation,RUS,800,Uganda,UGA,,,,,,,,TOTAL,ALL COMMODITIES,1,No Quantity,,,,,,,5707636,,,0
H2,2003,2003,2003,0,0,2,Export,643,Russian Federation,RUS,800,Uganda,UGA,,,,,,,,TOTAL,ALL COMMODITIES,1,No Quantity,,,,,,,11577859,,,0
H2,2003,2003,2003,0,0,1,Import,643,Russian Federation,RUS,804,Ukraine,UKR,,,,,,,,TOTAL,ALL COMMODITIES,1,No Quantity,,,,,,,4437624004,,,0
H2,2003,2003,2003,0,0,2,Export,643,Russian Federation,RUS,804,Ukraine,UKR,,,,,,,,TOTAL,ALL COMMODITIES,1,No Quantity,,,,,,,7597637049,,,0
H2,2003,2003,2003,0,0,1,Import,643,Russian Federation,RUS,807,North Macedonia,MKD,,,,,,,,TOTAL,ALL COMMODITIES,1,No Quantity,,,,,,,18892571,,,0
H2,2003,2003,2003,0,0,2,Export,643,Russian Federation,RUS,807,North Macedonia,MKD,,,,,,,,TOTAL,ALL COMMODITIES,1,No Quantity,,,,,,,13797087,,,0
H2,2003,2003,2003,0,0,1,Import,643,Russian Federation,RUS,818,Egypt,EGY,,,,,,,,TOTAL,ALL COMMODITIES,1,No Quantity,,,,,,,38682322,,,0
H2,2003,2003,2003,0,0,2,Export,643,Russian Federation,RUS,818,Egypt,EGY,,,,,,,,TOTAL,ALL COMMODITIES,1,No Quantity,,,,,,,376152400,,,0
H2,2003,2003,2003,0,0,1,Import,643,Russian Federation,RUS,826,United Kingdom,GBR,,,,,,,,TOTAL,ALL COMMODITIES,1,No Quantity,,,,,,,1442900475,,,0
H2,2003,2003,2003,0,0,2,Export,643,Russian Federation,RUS,826,United Kingdom,GBR,,,,,,,,TOTAL,ALL COMMODITIES,1,No Quantity,,,,,,,4918643582,,,0
H2,2003,2003,2003,0,0,1,Import,643,Russian Federation,RUS,834,United Rep. of Tanzania,TZA,,,,,,,,TOTAL,ALL COMMODITIES,1,No Quantity,,,,,,,9476078,,,0
H2,2003,2003,2003,0,0,2,Export,643,Russian Federation,RUS,834,United Rep. of Tanzania,TZA,,,,,,,,TOTAL,ALL COMMODITIES,1,No Quantity,,,,,,,3468959,,,0
H2,2003,2003,2003,0,0,1,Import,643,Russian Federation,RUS,842,USA,USA,,,,,,,,TOTAL,ALL COMMODITIES,1,No Quantity,,,,,,,2966879385,,,0
H2,2003,2003,2003,0,0,2,Export,643,Russian Federation,RUS,842,USA,USA,,,,,,,,TOTAL,ALL COMMODITIES,1,No Quantity,,,,,,,4274224343,,,0
H2,2003,2003,2003,0,0,1,Import,643,Russian Federation,RUS,854,Burkina Faso,BFA,,,,,,,,TOTAL,ALL COMMODITIES,1,No Quantity,,,,,,,30,,,0
H2,2003,2003,2003,0,0,2,Export,643,Russian Federation,RUS,854,Burkina Faso,BFA,,,,,,,,TOTAL,ALL COMMODITIES,1,No Quantity,,,,,,,3992578,,,0
H2,2003,2003,2003,0,0,1,Import,643,Russian Federation,RUS,858,Uruguay,URY,,,,,,,,TOTAL,ALL COMMODITIES,1,No Quantity,,,,,,,22995073,,,0
H2,2003,2003,2003,0,0,2,Export,643,Russian Federation,RUS,858,Uruguay,URY,,,,,,,,TOTAL,ALL COMMODITIES,1,No Quantity,,,,,,,195899019,,,0
H2,2003,2003,2003,0,0,1,Import,643,Russian Federation,RUS,860,Uzbekistan,UZB,,,,,,,,TOTAL,ALL COMMODITIES,1,No Quantity,,,,,,,485042509,,,0
H2,2003,2003,2003,0,0,2,Export,643,Russian Federation,RUS,860,Uzbekistan,UZB,,,,,,,,TOTAL,ALL COMMODITIES,1,No Quantity,,,,,,,511982421,,,0
H2,2003,2003,2003,0,0,1,Import,643,Russian Federation,RUS,862,Venezuela,VEN,,,,,,,,TOTAL,ALL COMMODITIES,1,No Quantity,,,,,,,32719157,,,0
H2,2003,2003,2003,0,0,2,Export,643,Russian Federation,RUS,862,Venezuela,VEN,,,,,,,,TOTAL,ALL COMMODITIES,1,No Quantity,,,,,,,1418743,,,0
H2,2003,2003,2003,0,0,1,Import,643,Russian Federation,RUS,887,Yemen,YEM,,,,,,,,TOTAL,ALL COMMODITIES,1,No Quantity,,,,,,,17739681,,,0
H2,2003,2003,2003,0,0,2,Export,643,Russian Federation,RUS,887,Yemen,YEM,,,,,,,,TOTAL,ALL COMMODITIES,1,No Quantity,,,,,,,89350538,,,0
H2,2003,2003,2003,0,0,1,Import,643,Russian Federation,RUS,891,Serbia and Montenegro,SCG,,,,,,,,TOTAL,ALL COMMODITIES,1,No Quantity,,,,,,,114700515,,,0
H2,2003,2003,2003,0,0,2,Export,643,Russian Federation,RUS,891,Serbia and Montenegro,SCG,,,,,,,,TOTAL,ALL COMMODITIES,1,No Quantity,,,,,,,333870641,,,0
H2,2003,2003,2003,0,0,1,Import,643,Russian Federation,RUS,894,Zambia,ZMB,,,,,,,,TOTAL,ALL COMMODITIES,1,No Quantity,,,,,,,1574489,,,0
H2,2003,2003,2003,0,0,2,Export,643,Russian Federation,RUS,894,Zambia,ZMB,,,,,,,,TOTAL,ALL COMMODITIES,1,No Quantity,,,,,,,21627,,,0
H2,2003,2003,2003,0,0,1,Import,643,Russian Federation,RUS,899,"Areas, nes",,,,,,,,,TOTAL,ALL COMMODITIES,1,No Quantity,,,,,,,31538874,,,0
H2,2003,2003,2003,0,0,2,Export,643,Russian Federation,RUS,899,"Areas, nes",,,,,,,,,TOTAL,ALL COMMODITIES,1,No Quantity,,,,,,,44305924,,,0
